"id","short","long","role","hw","hasPos","lat","lon","lastSeen","msgCount","avgHopStart","geoCluster"
"""!8125194""","""AK83""","""LB5RK-QTH-Router""","""ROUTER""","""RAK11200""","true","61.2237","10.7348","""2026-07-04T11:05:24.917184421Z""","1810","4.98394","""61.20_10.70"""
"""!400a2bc""","""a2bc""","""Meshtastic a2bc""","""CLIENT""","""HELTEC_V3""","false","0","0","""2026-06-27T23:48:42.731308788Z""","2","6",""""""
"""!4c5a728""","""a728""","""Meshtastic a728""","""CLIENT_MUTE""","""HELTEC_V4""","true","59.9523","10.7217","""2026-07-04T09:59:01.965106334Z""","84","4","""59.95_10.70"""
"""!4063ec8""","""""","""""","""CLIENT_BASE""","""""","false","0","0","""2026-07-04T08:50:24.769869808Z""","187","2.98396",""""""
"""!407de14""","""dksr""","""Darkstar""","""CLIENT_BASE""","""HELTEC_V3""","false","0","0","""2026-07-03T20:50:30.5759042Z""","96","4.83333",""""""
"""!2ebf210""","""""","""""","""""","""""","false","0","0","""2026-06-30T18:12:24.238699451Z""","6","3",""""""
"""!40829b8""","""dotn""","""DotNode""","""""","""HELTEC_V3""","true","59.6509","11.0756","""2026-07-04T10:25:56.757018779Z""","310","0","""59.65_11.05"""
"""!43332ec""","""kt""","""Kjetil ""","""CLIENT""","""HELTEC_V3""","true","62.7311","7.20896","""2026-06-28T19:02:36.232279171Z""","18","2.55556","""62.70_7.20"""
"""!5bffe1e""","""🐦""","""Ugagnskraake""","""CLIENT""","""T_ECHO""","true","58.9627","5.72129","""2026-07-01T00:18:52.844769483Z""","125","6.968","""58.95_5.70"""
"""!2eb8e7c""","""yvn1""","""yvn 🏠 Bjørvika""","""CLIENT_BASE""","""HELTEC_V3""","true","59.8999","10.7741","""2026-07-04T08:59:19.458312494Z""","534","4.59586","""59.85_10.75"""
"""!4c582fc""","""Erko""","""OSLO-CLIENT-ERKO-HEL_GLAS🇸🇯""","""CLIENT_MUTE""","""HELTEC_V4""","true","59.9523","10.6693","""2026-07-04T09:39:09.300292688Z""","107","4.94393","""59.95_10.65"""
"""!43a92a8""","""MUNK""","""Munkerud Red Leader""","""ROUTER""","""HELTEC_V3""","true","59.854","10.8069","""2026-07-04T06:49:26.963836036Z""","97","4.8866","""59.85_10.80"""
"""!96090e7""","""""","""""","""""","""""","false","0","0","""2026-06-27T21:19:28.612883031Z""","1","3",""""""
"""!e60ec89""","""keks""","""kek svAtion ek89""","""CLIENT""","""RAK4631""","true","59.9032","10.7971","""2026-06-27T23:48:23.901147557Z""","2","5","""59.90_10.75"""
"""!ac9f8a4""","""""","""""","""""","""""","false","0","0","""2026-06-27T14:23:22.956494845Z""","1","3",""""""
"""!ac9cf04""","""""","""""","""""","""""","false","0","0","""2026-06-28T21:57:43.861947174Z""","22","4.72727",""""""
"""!408e834""","""G834""","""BODØ Skivika BASE Gullz""","""CLIENT_BASE""","""HELTEC_V3""","true","67.3055","14.431","""2026-07-04T11:01:49.224117162Z""","458","3","""67.30_14.40"""
"""!4093fc0""","""BRLK""","""Brattlikollen Rooftop""","""CLIENT_BASE""","""HELTEC_V3""","false","0","0","""2026-06-27T23:51:07.333562528Z""","4","6",""""""
"""!845b9bf""","""""","""""","""CLIENT_BASE""","""""","true","59.9097","10.8364","""2026-07-04T10:53:53.19832407Z""","1819","3","""59.90_10.80"""
"""!4c57c38""","""Erko""","""Erko Heltec v4 TFT Meshtastic 7c38""","""CLIENT_MUTE""","""HELTEC_V4""","true","59.9392","10.6824","""2026-06-27T23:50:55.619537868Z""","7","6.57143","""59.90_10.65"""
"""!aca39a8""","""""","""""","""CLIENT_BASE""","""""","true","58.7465","5.68852","""2026-07-04T11:11:26.553376028Z""","704","3","""58.70_5.65"""
"""!2f5c0dc""","""c0dc""","""Høglia n""","""ROUTER_LATE""","""T_ECHO_LITE""","true","62.7737","7.90692","""2026-07-04T08:00:22.46858184Z""","88","2.5814","""62.75_7.90"""
"""!406a000""","""SIGG""","""Siggis""","""CLIENT""","""HELTEC_V3""","false","0","0","""2026-06-27T23:48:29.692646652Z""","1","5",""""""
"""!42ccb37""","""Topp""","""Opp og ut""","""ROUTER_LATE""","""RAK4631""","true","64.0156","11.0625","""2026-07-04T11:09:25.506805393Z""","1559","4.89518","""64.00_11.05"""
"""!40840a0""","""40a0""","""Heltec v3 IP 40a0""","""CLIENT_MUTE""","""HELTEC_V3""","true","61.2303","7.08444","""2026-07-04T11:06:49.858440011Z""","3535","6.93411","""61.20_7.05"""
"""!f28267c""","""""","""""","""""","""""","false","0","0","""2026-07-03T13:37:26.289330402Z""","8","3.75",""""""
"""!432bc98""","""BJ37""","""BjoJul6037""","""CLIENT""","""HELTEC_V3""","true","62.4165","6.31767","""2026-07-04T10:11:13.815298034Z""","42","5","""62.40_6.30"""
"""!4836d0b""","""""","""""","""""","""""","false","0","0","""2026-07-04T08:58:01.879249837Z""","11","2.81818",""""""
"""!2c94704""","""""","""""","""""","""""","false","0","0","""2026-06-28T21:55:22.362068902Z""","4","5",""""""
"""!4677cab""","""HOEG""","""SIGDAL-HØGEVARDE-ROUTER""","""ROUTER""","""RAK4631""","true","60.3193","9.4634","""2026-07-04T10:43:36.125986268Z""","1348","6.77596","""60.30_9.45"""
"""!400a3ac""","""B868""","""LB7LG B868 Bridge""","""CLIENT""","""HELTEC_V3""","true","61.1189","10.4727","""2026-07-04T10:52:03.510927724Z""","544","3","""61.10_10.45"""
"""!4063acc""","""3acc""","""Kestn""","""CLIENT""","""HELTEC_V3""","true","60.3922","5.31579","""2026-07-04T11:09:50.864836419Z""","1150","6.76749","""60.35_5.30"""
"""!950b01a""","""""","""""","""CLIENT_MUTE""","""""","true","58.7989","5.58367","""2026-07-04T11:08:28.392860947Z""","363","4.01102","""58.75_5.55"""
"""!cf18ada""","""""","""""","""""","""""","false","0","0","""2026-07-03T15:16:43.183485302Z""","25","3",""""""
"""!6e7cc8e""","""""","""""","""""","""""","false","0","0","""2026-06-28T19:02:13.98861222Z""","8","3",""""""
"""!40859f0""","""OSLG""","""Oslo Grønland""","""CLIENT_MUTE""","""HELTEC_V3""","true","59.8999","10.7741","""2026-06-27T23:49:47.072904986Z""","1","6","""59.85_10.75"""
"""!e3ca0c97""","""gkGW""","""GurkaGW""","""CLIENT""","""RAK4631""","true","59.8999","10.6693","""2026-07-04T05:22:38.490174809Z""","50","3.12","""59.85_10.65"""
"""!1f6edac7""","""dac7""","""TBSE-Mobile""","""CLIENT_MUTE""","""TRACKER_T1000_E""","true","59.9307","10.7675","""2026-07-04T10:52:15.884837013Z""","719","6.97775","""59.90_10.75"""
"""!6a1ed941""","""WAM6""","""BÆRUM-EIKSMARKA-BASE-WAM6""","""CLIENT_BASE""","""RAK4631""","true","59.9523","10.6168","""2026-07-01T18:36:36.460961605Z""","4","3.5","""59.95_10.60"""
"""!54e40581""","""HN02""","""HORTEN-BAGGER0D-2""","""CLIENT_MUTE""","""T_ECHO""","true","59.4131","10.4682","""2026-06-28T03:43:30.967664603Z""","57","7","""59.40_10.45"""
"""!f66adc9c""","""""","""""","""ROUTER""","""""","true","60.4109","5.36125","""2026-07-04T10:02:01.623271364Z""","539","2.98145","""60.40_5.35"""
"""!f1bfbe6a""","""3kjs""","""b3kj solar""","""CLIENT""","""XIAO_NRF52_KIT""","false","0","0","""2026-06-27T21:54:50.293855912Z""","3","2",""""""
"""!9e4b0c28""","""SLST""","""(3470) Mobile Router""","""CLIENT_BASE""","""TRACKER_T1000_E""","false","0","0","""2026-07-04T08:31:35.929664509Z""","32","2.4375",""""""
"""!49637f26""","""Kort""","""Kort og godt""","""TRACKER""","""TRACKER_T1000_E""","true","59.8278","10.204","""2026-07-04T11:07:12.886123015Z""","5118","3.16295","""59.80_10.20"""
"""!416d2bbe""","""TBBT""","""Bazinga""","""CLIENT""","""T_ECHO""","true","60.0048","11.0887","""2026-07-04T10:37:45.814486633Z""","238","3.03361","""60.00_11.05"""
"""!e00ced64""","""HN""","""HORTEN-BAGGER0D-GW""","""CLIENT_BASE""","""HELTEC_V3""","true","59.4131","10.4682","""2026-07-04T11:12:30.483576303Z""","3844","3.00469","""59.40_10.45"""
"""!8584b814""","""b814""","""Hawk-N.M1""","""CLIENT_MUTE""","""THINKNODE_M1""","true","69.5534","19.1693","""2026-07-04T10:28:41.109293843Z""","689","2.98554","""69.55_19.15"""
"""!435823a0""","""THM1""","""TH - Mobile 1""","""CLIENT_MUTE""","""LILYGO_TBEAM_S3_CORE""","true","60.3718","5.21667","""2026-07-02T17:29:40.60829078Z""","640","4.98428","""60.35_5.20"""
"""!349fe479""","""""","""""","""CLIENT_MUTE""","""""","true","59.7295","9.42408","""2026-07-04T09:03:13.24536943Z""","2575","4.94098","""59.70_9.40"""
"""!e17c1baf""","""Vass""","""Vassfjellet, LA1K""","""ROUTER""","""SEEED_SOLAR_NODE""","true","63.2613","10.3574","""2026-07-04T10:33:27.528616452Z""","1103","2.97733","""63.25_10.35"""
"""!234365f3""","""Joa1""","""Joanna""","""CLIENT""","""SEEED_WIO_TRACKER_L1""","true","59.9523","10.7741","""2026-07-01T13:16:22.240783571Z""","12","5","""59.95_10.75"""
"""!d2e42fd3""","""""","""""","""CLIENT""","""""","true","60.4242","5.21667","""2026-07-04T11:01:47.63815516Z""","458","4","""60.40_5.20"""
"""!c08e7902""","""""","""""","""""","""""","false","0","0","""2026-07-03T21:34:25.323350959Z""","30","3.66667",""""""
"""!6bd1a805""","""""","""""","""""","""""","false","0","0","""2026-06-29T14:26:12.044543834Z""","2","3",""""""
"""!436ed177""","""""","""""","""""","""""","false","0","0","""2026-07-03T21:13:03.515774618Z""","4","4",""""""
"""!435a8c60""","""""","""""","""""","""""","true","60.4766","5.37395","""2026-06-30T19:27:00.016393601Z""","2","4","""60.45_5.35"""
"""!bfa97d12""","""GREF""","""OSL-GREFSENKOLLEN-ROUTER""","""ROUTER""","""RAK4631""","true","59.9654","10.8134","""2026-07-04T11:09:27.073522148Z""","2141","6.47871","""59.95_10.80"""
"""!5396197d""","""JB""","""JB_BlueR1 ""","""CLIENT_MUTE""","""MUZI_R1_NEO""","true","59.8999","10.7217","""2026-07-03T09:26:00.719039472Z""","122","7","""59.85_10.70"""
"""!3a1ea577""","""""","""""","""""","""""","false","0","0","""2026-07-03T17:24:20.817154116Z""","2","5",""""""
"""!50734ef3""","""SPX1""","""LIER-LURTOP-SPX1""","""CLIENT_BASE""","""RAK4631""","true","59.8802","10.1908","""2026-07-03T06:41:39.070953095Z""","693","4.92929","""59.85_10.15"""
"""!a49cbdaf""","""Erko""","""OSL-CLIENT-ERKO-RAK1""","""CLIENT""","""RAK3401""","false","0","0","""2026-07-03T13:41:28.716664031Z""","129","3.3876",""""""
"""!85d2fa9c""","""""","""""","""""","""""","false","0","0","""2026-06-27T23:50:58.357601808Z""","1","7",""""""
"""!62bd5bac""","""""","""""","""CLIENT_BASE""","""""","true","59.6378","11.0363","""2026-07-01T12:37:10.975604831Z""","18","4.64706","""59.60_11.00"""
"""!4e10221b""","""ta01""","""🧥Coat""","""CLIENT""","""TRACKER_T1000_E""","true","64.0418","11.5606","""2026-07-03T19:24:45.068489162Z""","1008","4.98016","""64.00_11.55"""
"""!2625c9f9""","""c9f9""","""VenesSol-B c9f9""","""ROUTER""","""SEEED_SOLAR_NODE""","true","61.2106","6.94682","""2026-07-04T10:44:13.113591201Z""","678","6.941","""61.20_6.90"""
"""!6ea117d0""","""HN04""","""HORTEN-BAGGEROD-4-MOBILE""","""CLIENT_MUTE""","""T_DECK""","true","59.428","10.4595","""2026-07-04T10:21:16.163295324Z""","1344","4.98429","""59.40_10.45"""
"""!818c23f4""","""""","""""","""""","""""","false","0","0","""2026-07-01T16:12:04.681679766Z""","8","2.875",""""""
"""!f07d3f2f""","""ERKO""","""BJORØYA-SOLAR-002""","""CLIENT_BASE""","""RAK3401""","true","58.2746","8.57211","""2026-07-04T09:47:57.690870328Z""","16","6","""58.25_8.55"""
"""!f6f8e14c""","""YGGR""","""Yggdrasil    🎄""","""CLIENT""","""HELTEC_WIRELESS_TRACKER_V2""","true","63.9173","11.436","""2026-07-04T10:28:30.231961708Z""","1226","3.50825","""63.90_11.40"""
"""!f2df2bdd""","""""","""""","""""","""""","false","0","0","""2026-07-01T10:30:36.525541657Z""","13","2.53846",""""""
"""!c0755df3""","""""","""""","""""","""""","true","60.4045","4.98729","""2026-06-29T08:15:09.90926832Z""","12","3","""60.40_4.95"""
"""!da5afcf4""","""""","""""","""CLIENT""","""""","true","58.7989","5.6361","""2026-07-03T14:44:08.741500143Z""","220","4.00909","""58.75_5.60"""
"""!f67ccf53""","""OcSc""","""Octofuzz_Sensecap_T1000-E""","""CLIENT""","""TRACKER_T1000_E""","true","63.3602","10.4071","""2026-07-04T10:48:10.276897792Z""","126","3.01587","""63.35_10.40"""
"""!4734fddc""","""""","""""","""""","""""","false","0","0","""2026-06-29T22:29:23.264760061Z""","2","7",""""""
"""!85d2fa9e""","""NOT2""","""LIFJELL - BØKSTULNATTEN - TEST""","""ROUTER""","""SEEED_WIO_TRACKER_L1""","true","59.5853","9.25368","""2026-07-03T12:47:41.752979601Z""","7","5.57143","""59.55_9.25"""
"""!2d90ddc4""","""ddc4""","""Meshtastic ddc4 GPS""","""CLIENT""","""RAK4631""","true","61.1975","7.01235","""2026-07-04T11:03:28.570683911Z""","506","5","""61.15_7.00"""
"""!2bbe7f39""","""kvk""","""Kvikk""","""CLIENT""","""SEEED_SOLAR_NODE""","true","59.8475","11.246","""2026-07-04T11:05:26.465713146Z""","681","3.09692","""59.80_11.20"""
"""!d9079859""","""SLSV""","""Asker, Vardåsen (BASE)""","""CLIENT_BASE""","""SEEED_SOLAR_NODE""","false","0","0","""2026-07-04T10:00:16.667922413Z""","1156","2.98607",""""""
"""!5eb8daa8""","""ABZ""","""LB5RK 1""","""CLIENT_MUTE""","""WISMESH_TAG""","true","59.9523","10.7217","""2026-06-30T03:58:08.520516435Z""","119","4.83193","""59.95_10.70"""
"""!d6e141e7""","""NES1""","""NES1""","""CLIENT_BASE""","""SEEED_SOLAR_NODE""","true","59.8573","10.6725","""2026-07-04T11:09:00.404632364Z""","1653","2.99456","""59.85_10.65"""
"""!9e76b8fc""","""W4P1""","""W4P1 John_R Heimdal""","""CLIENT""","""HELTEC_V3""","true","63.3598","10.3567","""2026-07-04T08:19:18.404403512Z""","612","2.98366","""63.35_10.35"""
"""!da752230""","""""","""""","""""","""""","false","0","0","""2026-06-27T23:50:17.600608253Z""","3","6",""""""
"""!e2e5b8c4""","""rmyb""","""rmybase""","""CLIENT_MUTE""","""HELTEC_WIRELESS_TRACKER""","true","59.913","10.761","""2026-07-04T10:51:17.332669785Z""","1078","3.00371","""59.90_10.75"""
"""!da5ad5c0""","""BssB""","""BusseBase""","""CLIENT""","""TLORA_T3_S3""","false","0","0","""2026-07-04T10:29:52.974525111Z""","117","3",""""""
"""!7af9ae9b""","""""","""""","""CLIENT""","""""","true","60.4766","5.32152","""2026-07-04T10:54:11.610107105Z""","291","3","""60.45_5.30"""
"""!8bba42dd""","""GT01""","""GeekTastic01""","""CLIENT""","""RAK4631""","true","63.4126","10.8265","""2026-06-28T21:28:59.443503473Z""","12","5","""63.40_10.80"""
"""!ba69b058""","""""","""""","""""","""""","false","0","0","""2026-07-03T12:49:13.613886314Z""","24","3",""""""
"""!4356feb0""","""BB2""","""UYS Beam 2""","""CLIENT""","""LILYGO_TBEAM_S3_CORE""","false","0","0","""2026-06-29T17:27:19.12617001Z""","146","7",""""""
"""!cf234fa7""","""4fa7""","""RV - inside client mute ""","""CLIENT""","""HELTEC_MESH_NODE_T114""","true","61.1975","7.03857","""2026-07-04T10:29:31.282818997Z""","1030","4.98185","""61.15_7.00"""
"""!9e76b638""","""🕷""","""lurium1""","""CLIENT""","""HELTEC_V3""","true","59.8999","10.512","""2026-06-27T19:48:30.487122071Z""","4","3","""59.85_10.50"""
"""!d84b5ee4""","""widr""","""widrone mobile""","""CLIENT""","""TRACKER_T1000_E""","true","59.8999","10.8265","""2026-06-28T18:13:30.386133102Z""","4","3","""59.85_10.80"""
"""!5c4dc492""","""Jckf""","""JimCKF""","""CLIENT_MUTE""","""TRACKER_T1000_E""","true","62.5869","11.3902","""2026-07-04T06:23:03.856622723Z""","565","4.84984","""62.55_11.35"""
"""!730fe762""","""ktrs""","""ktr solar 1""","""CLIENT""","""SEEED_SOLAR_NODE""","true","63.4651","10.8265","""2026-06-28T05:16:40.29212889Z""","17","3.94118","""63.45_10.80"""
"""!5075521b""","""""","""""","""CLIENT_MUTE""","""""","true","60.4774","5.26991","""2026-07-01T18:58:25.208767492Z""","517","5.98259","""60.45_5.25"""
"""!510ef3dc""","""""","""""","""""","""""","false","0","0","""2026-06-28T12:12:41.25255631Z""","6","3",""""""
"""!9ea138ec""","""38ec""","""Takistmr_868_node""","""CLIENT_MUTE""","""HELTEC_V3""","true","59.7918","10.2793","""2026-07-04T05:54:34.581287467Z""","110","3","""59.75_10.25"""
"""!9ea6b740""","""HgHo""","""HjeHome b740""","""CLIENT""","""THINKNODE_M5""","true","60.1883","5.24288","""2026-07-04T11:07:34.857292797Z""","763","6.96068","""60.15_5.20"""
"""!27cbedec""","""tdck""","""Hawk-N.T-Deck""","""CLIENT""","""T_DECK""","false","0","0","""2026-07-01T15:40:29.047039432Z""","23","2.69565",""""""
"""!e2e49980""","""9980""","""kb24 9980""","""CLIENT""","""HELTEC_V3""","true","61.2237","7.091","""2026-07-04T11:04:35.63786399Z""","3363","6.9966","""61.20_7.05"""
"""!433ee75c""","""Smv3""","""Smv 3""","""CLIENT_MUTE""","""HELTEC_V3""","true","63.3909","10.428","""2026-07-04T11:09:56.777576021Z""","471","4.79618","""63.35_10.40"""
"""!7c54cecf""","""HAZ4""","""Hazuki 4""","""CLIENT_MUTE""","""TRACKER_T1000_E""","true","59.9523","10.9314","""2026-07-03T14:53:18.205271112Z""","150","5","""59.95_10.90"""
"""!45eda82c""","""a82c""","""rv-bil""","""CLIENT""","""XIAO_NRF52_KIT""","true","61.2106","6.99924","""2026-07-03T20:46:22.723284308Z""","116","7","""61.20_6.95"""
"""!ef34d6ad""","""""","""""","""""","""""","false","0","0","""2026-06-30T08:46:47.43800792Z""","2","7",""""""
"""!94db7ad0""","""7ad0""","""Fiksnes 7ad0""","""ROUTER""","""RAK4631""","true","61.1647","6.91405","""2026-07-04T11:04:49.309904551Z""","443","6.98194","""61.15_6.90"""
"""!1ba234d4""","""Rvr3""","""RadioRover3""","""CLIENT""","""HELTEC_V4""","true","59.854","10.8331","""2026-07-04T10:14:47.267688554Z""","635","6.62835","""59.85_10.80"""
"""!da64b61c""","""""","""""","""""","""""","false","0","0","""2026-06-30T20:33:21.386206388Z""","10","5",""""""
"""!435bb36c""","""""","""""","""CLIENT""","""""","true","59.9523","10.6693","""2026-07-01T03:20:55.500063189Z""","200","3.06","""59.95_10.65"""
"""!3716c125""","""""","""""","""""","""""","false","0","0","""2026-06-29T18:32:51.559441763Z""","2","6",""""""
"""!a43aec67""","""""","""""","""""","""""","false","0","0","""2026-07-03T19:20:18.083548433Z""","62","6.19355",""""""
"""!1ba735d8""","""""","""""","""""","""""","false","0","0","""2026-06-28T21:56:46.769716917Z""","14","4.57143",""""""
"""!fbbaee63""","""Snik""","""Sneaky Cuteness""","""CLIENT_MUTE""","""TRACKER_T1000_E""","true","63.3471","10.3678","""2026-07-03T10:00:22.406606394Z""","278","2.96667","""63.30_10.35"""
"""!59ac504a""","""504a""","""Hawk-N.RAK-mini""","""CLIENT""","""RAK4631""","false","0","0","""2026-07-03T19:36:23.610806504Z""","786","2.99113",""""""
"""!1ba21c80""","""""","""""","""""","""""","false","0","0","""2026-06-29T17:17:41.840601761Z""","2","5",""""""
"""!1ba5ae00""","""JOTH""","""Jotti\'s Fjellheim""","""CLIENT""","""HELTEC_V4""","true","64.0418","10.9838","""2026-07-04T10:45:44.093449754Z""","337","2.89206","""64.00_10.95"""
"""!ba341234""","""LPOc""","""Lilygo_Pager_Octofuzz""","""CLIENT""","""T_LORA_PAGER""","true","63.3637","10.3848","""2026-07-02T19:04:46.085104188Z""","108","3","""63.35_10.35"""
"""!433c7bf0""","""""","""""","""""","""""","false","0","0","""2026-07-01T07:02:50.922513035Z""","13","4.69231",""""""
"""!6984edcc""","""arrr""","""time mesh""","""CLIENT""","""HELTEC_V4""","true","59.8999","10.5644","""2026-07-04T01:24:56.902622067Z""","4","4.5","""59.85_10.55"""
"""!45105682""","""""","""""","""""","""""","false","0","0","""2026-06-29T08:06:12.021373739Z""","2","2",""""""
"""!6c74e67b""","""spr""","""sprint""","""CLIENT""","""THINKNODE_M1""","true","58.8693","5.56567","""2026-06-27T19:49:41.96805407Z""","1","4","""58.85_5.55"""
"""!ef34d6a1""","""NOT1""","""Notodden Solar P1""","""ROUTER""","""SEEED_SOLAR_NODE""","true","59.5329","9.30611","""2026-06-29T22:59:57.705358955Z""","8","5.5","""59.50_9.30"""
"""!e3afd8fd""","""tms2""","""tms2""","""CLIENT""","""T_ECHO""","true","63.8452","11.4688","""2026-07-04T11:01:37.518366177Z""","700","6.95143","""63.80_11.45"""
"""!c883b6f9""","""SLSF""","""🐾 FireSoul 🐾""","""CLIENT_MUTE""","""TRACKER_T1000_E""","true","59.7738","10.4952","""2026-07-04T08:41:28.16370888Z""","988","4.13814","""59.75_10.45"""
"""!e8c0b785""","""tms1""","""tms-VV_Solar""","""CLIENT_BASE""","""RAK4631""","true","63.8239","11.4672","""2026-07-04T06:57:57.495647982Z""","137","5.90511","""63.80_11.45"""
"""!cfd8b06d""","""ktr""","""ktr portable""","""CLIENT_MUTE""","""TRACKER_T1000_E""","true","63.4651","10.4071","""2026-06-27T13:42:39.924639538Z""","2","5","""63.45_10.40"""
"""!b2a79c04""","""""","""""","""CLIENT""","""""","true","58.9562","5.68852","""2026-07-03T22:18:22.854872882Z""","664","6","""58.95_5.65"""
"""!b03bebc0""","""ebc0""","""Hawknet.HQ""","""CLIENT""","""HELTEC_V3""","true","69.5519","19.1638","""2026-07-03T06:33:54.571626471Z""","162","2.55714","""69.55_19.15"""
"""!f66bb530""","""""","""""","""CLIENT_BASE""","""""","true","60.2891","5.34703","""2026-07-04T10:29:57.723329381Z""","488","3.0041","""60.25_5.30"""
"""!375f28be""","""""","""""","""CLIENT""","""""","true","60.3718","5.32152","""2026-07-04T10:44:33.825195015Z""","322","6.74534","""60.35_5.30"""
"""!433d70b8""","""MTE2""","""MTENK-EKKO2""","""CLIENT_BASE""","""HELTEC_WIRELESS_TRACKER""","true","63.275","10.2302","""2026-07-04T11:12:18.455446204Z""","4518","4.98761","""63.25_10.20"""
"""!effca6c3""","""TQLB""","""TQLB""","""CLIENT""","""T_ECHO_PLUS""","true","60.3193","5.37395","""2026-06-28T10:04:35.223936526Z""","5","7","""60.30_5.35"""
"""!1ba34cec""","""SPOR""","""Tore på Sporet""","""CLIENT""","""HELTEC_V4""","true","64.009","11.4885","""2026-07-01T16:35:56.99298298Z""","54","5","""64.00_11.45"""
"""!a459bce7""","""BLEF""","""TBSE-NOR-BLEFJELL-ROUTER""","""ROUTER""","""RAK4631""","true","59.8999","9.20125","""2026-07-04T10:57:56.885831019Z""","1059","6.48536","""59.85_9.20"""
"""!716f550a""","""OcEC""","""Tonstagrenda_Tiller_Unmonitored""","""CLIENT""","""T_ECHO""","true","63.3602","10.4071","""2026-07-04T11:04:03.632853689Z""","1350","2.99407","""63.35_10.40"""
"""!435ae664""","""""","""""","""""","""""","false","0","0","""2026-06-27T14:03:25.533853358Z""","2","5",""""""
"""!42a18193""","""BCON""","""BCON""","""CLIENT""","""TRACKER_T1000_E""","true","60.3193","5.37395","""2026-07-04T07:48:41.633067319Z""","275","3","""60.30_5.35"""
"""!c250054e""","""054e""","""Arild""","""CLIENT_MUTE""","""T_ECHO_LITE""","true","62.7638","7.89709","""2026-07-04T07:36:28.174853635Z""","90","3.07317","""62.75_7.85"""
"""!433d8284""","""MTE1""","""MTENK-EKKO1""","""CLIENT""","""HELTEC_WIRELESS_TRACKER""","true","63.2947","10.2629","""2026-07-04T10:55:20.065402325Z""","1401","3.00286","""63.25_10.25"""
"""!3d6fd6eb""","""""","""""","""""","""""","false","0","0","""2026-07-01T05:15:28.108582683Z""","2","3",""""""
"""!f6553f36""","""""","""""","""""","""""","false","0","0","""2026-07-03T19:36:00.068729791Z""","1222","2.92657",""""""
"""!db2fb510""","""Dufa""","""SailDufa""","""CLIENT""","""HELTEC_V3""","false","0","0","""2026-06-27T19:08:39.203902793Z""","26","4",""""""
"""!699b11f0""","""11f0""","""TBSE-ClientB-T""","""CLIENT_BASE""","""HELTEC_V4""","true","59.9523","10.7741","""2026-07-04T11:12:12.664303154Z""","2510","4.47052","""59.95_10.75"""
"""!f8a92924""","""Pirs""","""ktr Pirsenteret""","""CLIENT""","""RAK4631""","true","63.4782","10.4202","""2026-07-04T09:01:07.807252986Z""","691","3.96671","""63.45_10.40"""
"""!b614a7c2""","""BPB""","""Blokka på Bogerud""","""CLIENT_MUTE""","""RAK4631""","false","0","0","""2026-06-30T11:30:27.402652539Z""","2","3",""""""
"""!a312a2f7""","""a2f7""","""Staai-kai a2f7""","""CLIENT""","""RAK4631""","true","61.191","7.01891","""2026-07-04T10:58:34.721997142Z""","1596","6.90602","""61.15_7.00"""
"""!b03da344""","""Glø""","""Gløshaugen_Unmonitored""","""CLIENT""","""HELTEC_V3""","false","0","0","""2026-07-04T10:46:34.200058868Z""","28","3",""""""
"""!84888514""","""tygg""","""tyggi_tracker""","""CLIENT""","""TBEAM""","true","59.8311","10.2072","""2026-06-29T22:46:00.589179035Z""","510","2.99608","""59.80_10.20"""
"""!85a491e5""","""Sol1""","""Meshtastic Solsikke""","""CLIENT""","""TRACKER_T1000_E""","true","59.4117","10.3842","""2026-07-04T07:19:29.700473306Z""","182","4.6044","""59.40_10.35"""
"""!b722591b""","""BEAR""","""Aikho Bear""","""CLIENT_MUTE""","""SEEED_WIO_TRACKER_L1""","true","63.3602","10.3547","""2026-07-04T07:42:21.567843979Z""","569","4.98946","""63.35_10.35"""
"""!ba6a5968""","""""","""""","""""","""""","true","63.384","10.3997","""2026-06-30T16:39:41.820747503Z""","2","4","""63.35_10.35"""
"""!e2299eab""","""RMT1""","""Rolf Marthin - T1000-E""","""CLIENT""","""TRACKER_T1000_E""","true","58.9562","5.74095","""2026-07-02T11:13:38.520653394Z""","199","6.9799","""58.95_5.70"""
"""!435ae670""","""e670""","""Meshtastic e670""","""CLIENT_BASE""","""LILYGO_TBEAM_S3_CORE""","false","0","0","""2026-06-28T19:42:41.859975976Z""","26","5.84615",""""""
"""!8c609614""","""Erko""","""ERKO-OSL-SMESTAD-BASE""","""CLIENT_BASE""","""HELTEC_MESH_NODE_T114""","false","0","0","""2026-07-04T08:10:19.832663124Z""","87","3.57471",""""""
"""!ba0c79b0""",""" Sco""","""ScoutMobile""","""CLIENT""","""HELTEC_V3""","false","0","0","""2026-07-03T15:06:53.846282169Z""","158","4.10127",""""""
"""!a1d77a98""","""WAMb""","""BÆRUM-EIKSMARKA-MUTE-WAMB-DEV""","""CLIENT_MUTE""","""SEEED_XIAO_S3""","false","0","0","""2026-07-04T10:38:25.83952733Z""","1262","3.03962",""""""
"""!2a55f074""","""""","""""","""""","""""","false","0","0","""2026-06-29T16:03:47.047019819Z""","2","3",""""""
"""!9e787180""","""""","""""","""""","""""","true","59.428","5.26909","""2026-06-28T12:05:46.653976005Z""","2","4","""59.40_5.25"""
"""!435a2058""","""SQB0""","""SQB0""","""CLIENT""","""LILYGO_TBEAM_S3_CORE""","true","60.3193","5.37395","""2026-07-04T08:03:21.728023817Z""","656","7","""60.30_5.35"""
"""!55f241a0""","""HN03""","""HORTEN-BAGGER0D-3""","""CLIENT""","""RAK4631""","true","59.428","10.4595","""2026-07-04T11:04:51.888392572Z""","4166","3.0024","""59.40_10.45"""
"""!ea02f9e4""","""JINs""","""JINsTDeck""","""CLIENT""","""T_DECK""","false","0","0","""2026-07-04T10:12:02.851596556Z""","184","3.25543",""""""
"""!b75ec6bf""","""sndr""","""JP20pg-sndr""","""CLIENT""","""THINKNODE_M1""","true","60.3324","5.36084","""2026-07-01T13:22:13.735353447Z""","24","4","""60.30_5.35"""
"""!d7be608f""","""AUR1""","""Aureosen""","""CLIENT""","""HELTEC_MESH_NODE_T114""","true","62.8163","7.12376","""2026-07-02T20:52:09.391264558Z""","18","5","""62.80_7.10"""
"""!2f779c48""","""9c48""","""VenesSol-A 9c48""","""ROUTER""","""SEEED_SOLAR_NODE""","true","61.2106","6.99924","""2026-07-04T10:18:45.296578347Z""","605","6.90083","""61.20_6.95"""
"""!db2ac884""","""Skar""","""Skarnes""","""ROUTER""","""HELTEC_V3""","true","60.2669","11.7178","""2026-07-04T11:07:05.574786992Z""","724","4.03591","""60.25_11.70"""
"""!84205d34""","""wlT2""","""WLTracker 02""","""CLIENT_MUTE""","""TRACKER_T1000_E""","true","60.4774","5.26991","""2026-07-01T18:59:51.761323091Z""","338","6.82249","""60.45_5.25"""
"""!6c72f588""","""SLST""","""👾 Slemmestad Travel 👾""","""CLIENT""","""TBEAM""","true","59.6378","10.5644","""2026-07-01T13:09:44.652219627Z""","44","7","""59.60_10.55"""
"""!9ee8587c""","""""","""""","""""","""""","false","0","0","""2026-06-29T12:46:59.506425694Z""","2","3",""""""
"""!bba67c9f""","""""","""""","""""","""""","false","0","0","""2026-07-04T09:03:12.296794315Z""","54","3.37037",""""""
"""!849b62f0""","""62f0""","""Vippetangen 62f0""","""CLIENT""","""HELTEC_V3""","true","59.8999","10.7217","""2026-07-04T10:47:09.845520845Z""","602","3.08472","""59.85_10.70"""
"""!1c15ec8c""","""Bng2""","""Bng2""","""CLIENT""","""TLORA_V2_1_1P6""","true","69.5599","19.0972","""2026-07-03T08:54:55.220829831Z""","651","3","""69.55_19.05"""
"""!672f1873""","""GK""","""Gråkallen""","""ROUTER""","""SEEED_SOLAR_NODE""","true","63.4211","10.2521","""2026-07-04T10:59:59.024917489Z""","994","2.941","""63.40_10.25"""
"""!10a406ad""","""🖥""","""BOBBY_SOLAR""","""CLIENT_BASE""","""SEEED_SOLAR_NODE""","true","59.8999","10.7741","""2026-07-04T10:45:54.834673644Z""","395","4.04051","""59.85_10.75"""
"""!f6700eb0""","""SmvR""","""Smv Risvollan""","""ROUTER_LATE""","""HELTEC_V4""","true","63.3901","10.428","""2026-07-04T11:06:06.726546953Z""","1245","3.66936","""63.35_10.40"""
"""!9e9d0a20""","""SJ""","""Hareid SJ""","""""","""HELTEC_V3""","true","62.3641","6.0031","""2026-07-04T10:29:04.379212623Z""","418","0","""62.35_6.00"""
"""!1a036b16""","""6b16""","""Node Kraft""","""CLIENT""","""RAK4631""","false","0","0","""2026-06-27T23:48:31.309084941Z""","4","3",""""""
"""!9ee6bf80""","""stro""","""Storo på tur""","""CLIENT_MUTE""","""HELTEC_V3""","true","59.9458","10.7807","""2026-07-04T04:42:06.631411618Z""","92","6.86957","""59.90_10.75"""
"""!d6da69b0""","""mnkn""","""mnkn_relay01""","""CLIENT_BASE""","""RAK4631""","true","63.5699","10.2498","""2026-07-04T11:06:03.061427414Z""","3798","4.97104","""63.55_10.20"""
"""!2f9321cc""","""21cc""","""Hawk-N.T-DeckPro""","""CLIENT_MUTE""","""T_DECK_PRO""","false","0","0","""2026-07-01T10:32:10.674874545Z""","15","2.6",""""""
"""!4358e164""","""OSLV""","""Oslo Vest 868""","""CLIENT_MUTE""","""HELTEC_V3""","true","59.9385","10.6485","""2026-06-27T23:48:55.949934726Z""","3","6","""59.90_10.60"""
"""!8efd5d82""","""5d82""","""RV T-Echo 5d82""","""CLIENT""","""T_ECHO""","true","35.0355","34.0394","""2026-07-04T10:46:34.549007119Z""","532","6.3062","""35.00_34.00"""
"""!9ee81de4""","""1de4""","""Meshtastic 1de4""","""CLIENT""","""HELTEC_V3""","false","0","0","""2026-06-27T15:41:35.411133546Z""","7","7",""""""
"""!55c75f28""","""5f28""","""Meshtastic 5f28""","""CLIENT""","""TBEAM""","true","59.4117","10.3842","""2026-07-04T09:35:07.312725394Z""","264","4.93182","""59.40_10.35"""
"""!dc0441c1""","""BrMP""","""BrummPro""","""CLIENT_BASE""","""T_ECHO_PLUS""","true","59.8999","10.7741","""2026-07-04T10:45:18.516533881Z""","396","3.05556","""59.85_10.75"""
"""!7a0b1c99""","""""","""""","""""","""""","false","0","0","""2026-07-03T17:01:01.580632786Z""","12","3",""""""
"""!433e130c""","""OeK2""","""OeK2 Vikhammeråsen""","""CLIENT_BASE""","""HELTEC_V3""","true","63.4323","10.6365","""2026-06-28T19:24:33.499629816Z""","507","2.98422","""63.40_10.60"""
"""!abd38c69""","""3J44""","""3J4M4""","""CLIENT""","""HELTEC_MESH_NODE_T114""","true","63.4126","10.3547","""2026-06-29T18:40:29.0433055Z""","1224","3.99182","""63.40_10.35"""
"""!433d25d8""","""RAL5""","""RAL5-Gronnberg Hommelvik""","""CLIENT""","""HELTEC_V3""","true","63.4126","10.7741","""2026-06-27T23:04:23.094013681Z""","9","5","""63.40_10.75"""
"""!9e78b1f0""","""🕸""","""lurium2""","""CLIENT""","""HELTEC_V3""","true","59.9327","10.2564","""2026-07-04T04:14:05.572454304Z""","2","5","""59.90_10.25"""
"""!5bc0582e""","""""","""""","""""","""""","false","0","0","""2026-06-30T18:13:14.673890166Z""","2","2",""""""
"""!133a7912""","""kekm""","""Kristoffer mobile 7912""","""CLIENT_MUTE""","""WISMESH_TAG""","true","59.8999","10.7741","""2026-07-04T06:57:19.001884958Z""","39","3.48718","""59.85_10.75"""
"""!b2a73660""","""""","""""","""""","""""","false","0","0","""2026-06-29T17:51:27.187476538Z""","2","3",""""""
"""!d48145f8""","""""","""""","""""","""""","true","60.3718","5.21667","""2026-07-03T21:06:47.761840205Z""","72","4.86111","""60.35_5.20"""
"""!bf082389""","""HAZB""","""Hazuki Base""","""CLIENT_BASE""","""RAK4631""","true","59.9523","10.9314","""2026-07-04T08:54:01.69886579Z""","100","5.08","""59.95_10.90"""
"""!49b5b764""","""""","""""","""""","""""","false","0","0","""2026-07-02T19:26:33.159897752Z""","44","3",""""""
"""!66d325ea""","""RTSK""","""Ratatosk 🐿️""","""CLIENT""","""RAK4631""","true","63.9238","11.3902","""2026-07-04T11:03:21.774899131Z""","3272","4.95772","""63.90_11.35"""
"""!163b46b8""","""46b8""","""GarCard 46b8""","""CLIENT_MUTE""","""TRACKER_T1000_E""","false","0","0","""2026-06-28T19:41:28.594562361Z""","17","3.88235",""""""
"""!ae609008""","""NTMK""","""NT Motorklubb""","""CLIENT_BASE""","""SEEED_XIAO_S3""","true","64.0204","11.5355","""2026-07-04T10:08:36.078634773Z""","1137","4.87706","""64.00_11.50"""
"""!7f9ffe1a""","""""","""""","""""","""""","false","0","0","""2026-07-02T23:02:09.073601323Z""","10","3",""""""
"""!b2247b30""","""7b30""","""Meshtastic 7b30""","""CLIENT""","""TBEAM""","false","0","0","""2026-07-04T10:29:43.011387116Z""","331","4.91843",""""""
"""!2792b709""","""KvTr""","""KvTorp""","""CLIENT""","""HELTEC_MESH_NODE_T114""","true","62.7376","7.22862","""2026-07-03T14:38:51.521920893Z""","198","5","""62.70_7.20"""
"""!8a84e409""","""Oftn""","""Oftenåsen, Peilehytta""","""ROUTER""","""SEEED_SOLAR_NODE""","true","63.992","11.5292","""2026-07-04T10:33:48.258878878Z""","892","3","""63.95_11.50"""
"""!8944a6da""","""R2""","""R2""","""CLIENT""","""RAK4631""","false","0","0","""2026-06-27T23:51:51.957595361Z""","6","5",""""""
"""!49479266""","""3J4B""","""3J4B Alt.freq""","""CLIENT_BASE""","""RAK4631""","true","63.393","10.335","""2026-07-04T11:06:10.197585529Z""","4360","2.99197","""63.35_10.30"""
"""!97e1d274""","""chu""","""chris""","""CLIENT""","""PRIVATE_HW""","false","0","0","""2026-07-02T01:55:15.563805718Z""","2","5",""""""
"""!e0726276""","""ANB1""","""ANB1 Portabel""","""CLIENT_MUTE""","""WISMESH_TAG""","true","63.3078","10.4595","""2026-07-03T04:54:23.371513056Z""","392","4.94898","""63.30_10.45"""
"""!bd1fe92d""","""e92d""","""Wio Tracker L1 Pro e92d""","""CLIENT""","""SEEED_WIO_TRACKER_L1""","true","62.813","7.12704","""2026-07-02T21:02:53.580626515Z""","48","5","""62.80_7.10"""
"""!699be574""","""🏢""","""TBSE-OSL-Youngstorget-ClientB""","""CLIENT_BASE""","""HELTEC_V4""","true","59.9143","10.7491","""2026-07-04T11:00:27.042486581Z""","3467","4.9925","""59.90_10.70"""
"""!eb255eea""","""""","""""","""""","""""","false","0","0","""2026-07-04T03:33:33.535731267Z""","14","3",""""""
"""!b03cafb4""","""🌞""","""tyggi_tracker_v2""","""CLIENT""","""HELTEC_V3""","true","59.8311","10.2072","""2026-06-29T20:14:30.624998742Z""","194","3.02062","""59.80_10.20"""
"""!ebbca7fe""","""ktb""","""Kjetil base""","""CLIENT""","""PORTDUINO""","true","62.7278","7.21224","""2026-06-28T16:04:25.68101554Z""","484","3","""62.70_7.20"""
"""!93878cc0""","""tms9""","""tms_base""","""CLIENT""","""TBEAM""","true","63.8321","11.5081","""2026-07-04T11:10:24.22886543Z""","937","6.63501","""63.80_11.50"""
"""!d9166f70""","""WAM4""","""BÆRUM-EIKSMARKA-MUTE-WAM4-HA""","""CLIENT_MUTE""","""HELTEC_VISION_MASTER_T190""","true","59.9441","10.6126","""2026-06-28T12:22:01.222117014Z""","29","3","""59.90_10.60"""
"""!e2e49ad8""","""9ad8""","""Oladalen 326 9ad8""","""CLIENT""","""HELTEC_V3""","true","61.2041","6.99269","""2026-07-04T08:49:15.057071574Z""","153","4.97386","""61.20_6.95"""
"""!6985aa24""","""MYRJ""","""OSLO-MYRERJORDET-CLIENT-LB3MH""","""CLIENT""","""HELTEC_V4""","true","59.9609","10.7914","""2026-07-04T11:10:22.20069059Z""","4083","4.3424","""59.95_10.75"""
"""!a5b65014""","""MTS1""","""MTENK-SOL1-Buvikåsen""","""ROUTER_LATE""","""RAK4631""","true","63.2865","10.1761","""2026-07-04T09:31:46.925065872Z""","488","3.89139","""63.25_10.15"""
"""!6b5aa544""","""SIB4""","""Sibbern - Home Base""","""CLIENT_BASE""","""SEEED_WIO_TRACKER_L1""","true","59.5674","9.26006","""2026-07-04T10:16:36.200291773Z""","252","7","""59.55_9.25"""
"""!a6960eb4""","""TED""","""Meshtastic TED""","""CLIENT""","""HELTEC_V4""","false","0","0","""2026-07-02T09:20:48.298665647Z""","44","3.09091",""""""
"""!b03e0068""","""SLST""","""👾 ASKER-STORSAND-BASE-SLST 👾""","""CLIENT_BASE""","""HELTEC_V3""","true","59.6586","10.5878","""2026-06-27T23:50:00.360441593Z""","1","5","""59.65_10.55"""
"""!9c821f66""","""HAZ1""","""Hazuki 1""","""CLIENT""","""WISMESH_TAG""","false","0","0","""2026-07-04T02:10:26.619402Z""","34","5",""""""
"""!de3c2716""","""WMP1""","""WMP1 2716""","""CLIENT_MUTE""","""RAK4631""","false","0","0","""2026-06-30T15:55:55.196283481Z""","106","3",""""""
"""!433cfd58""","""TxP1""","""Tux_P1""","""CLIENT_MUTE""","""HELTEC_V3""","false","0","0","""2026-07-02T19:54:38.217275686Z""","113","7",""""""
"""!6c37a441""","""a441""","""Meshtastic a441""","""CLIENT_MUTE""","""WISMESH_TAG""","false","0","0","""2026-06-29T18:54:39.573438724Z""","2","2",""""""
"""!e2e48e70""","""8e70""","""Venes 8e70""","""CLIENT""","""HELTEC_V3""","true","61.1975","7.03857","""2026-07-04T10:42:16.94350732Z""","385","0","""61.15_7.00"""
"""!688d837e""","""Smbr""","""Sambar""","""CLIENT_BASE""","""SEEED_WIO_TRACKER_L1""","false","0","0","""2026-07-04T06:23:05.416578404Z""","283","2.97173",""""""
"""!4b06a49d""","""""","""""","""""","""""","false","0","0","""2026-07-03T19:03:31.087966685Z""","2","7",""""""
"""!f670a39c""","""JERV""","""NVE1308""","""ROUTER""","""HELTEC_V4""","true","63.3471","10.7086","""2026-07-04T10:55:47.870676611Z""","3217","2.96083","""63.30_10.70"""
"""!6984e3a0""","""JB""","""JB_Home""","""CLIENT_MUTE""","""HELTEC_V4""","false","0","0","""2026-07-02T10:03:03.621962334Z""","60","5",""""""
"""!ae59c258""","""""","""""","""""","""""","false","0","0","""2026-06-30T20:16:05.543612763Z""","20","2.2",""""""
"""!ac17557a""","""FS""","""FS WisMeshTag""","""CLIENT""","""WISMESH_TAG""","true","58.8186","5.76061","""2026-07-02T14:02:49.382821059Z""","16","7","""58.80_5.75"""
"""!1de91c78""","""SLSJ""","""Kongsberg, Jondalen (CLIENT)""","""CLIENT""","""SEEED_XIAO_S3""","false","0","0","""2026-07-04T10:14:49.381555459Z""","1864","4.86429",""""""
"""!f669e48c""","""NykS""","""HORTEN-NYKIRKE-BASE-SOUTH""","""CLIENT_BASE""","""HELTEC_V4""","true","59.4084","10.3875","""2026-07-04T09:19:38.433638867Z""","242","6.20661","""59.40_10.35"""
"""!1de924f4""","""syl""","""sewe.syl""","""CLIENT_BASE""","""SEEED_XIAO_S3""","true","59.854","10.82","""2026-07-04T10:47:28.135076984Z""","804","3","""59.85_10.80"""
"""!da64b474""","""LIL3""","""Lillestrøm3""","""CLIENT_BASE""","""HELTEC_WSL_V3""","true","60.0048","11.0363","""2026-07-02T05:11:17.124553124Z""","219","6.91781","""60.00_11.00"""
"""!ada4e236""","""""","""""","""""","""""","false","0","0","""2026-07-04T05:27:09.007706511Z""","2","4",""""""
"""!2f6d212f""","""LILL""","""Lillestrøm""","""CLIENT""","""TRACKER_T1000_E""","true","59.9523","11.0363","""2026-07-02T07:56:25.995032331Z""","120","6.91667","""59.95_11.00"""
"""!336989ac""","""tjel""","""tjeldsto""","""CLIENT""","""HELTEC_V3""","true","60.5815","4.84966","""2026-07-03T02:28:06.053753743Z""","22","3","""60.55_4.80"""
"""!c82fe740""","""sekr""","""thrillseeker""","""CLIENT""","""RAK4631""","true","59.9523","10.7741","""2026-06-27T23:50:18.565046853Z""","2","6","""59.95_10.75"""
"""!f693bc84""","""""","""""","""""","""""","true","69.5534","19.1955","""2026-07-01T15:40:11.084782158Z""","1","3","""69.55_19.15"""
"""!37d12df9""","""SPX0""","""DRAMMEN-MUTE-SPX0""","""CLIENT_MUTE""","""RAK6421""","false","0","0","""2026-07-04T10:12:03.110818258Z""","305","4.99672",""""""
"""!435690b0""","""zc02""","""zerochill-lilygot3""","""CLIENT""","""LILYGO_TBEAM_S3_CORE""","true","60.7388","11.2984","""2026-07-04T10:39:14.134910844Z""","443","4.94373","""60.70_11.25"""
"""!75406c48""","""""","""""","""CLIENT""","""""","true","60.4242","5.32152","""2026-07-04T10:56:16.817360853Z""","528","4.98864","""60.40_5.30"""
"""!d4a146a9""","""""","""""","""""","""""","false","0","0","""2026-07-01T16:01:30.638603728Z""","15","2.92308",""""""
"""!64db0a84""","""""","""""","""ROUTER""","""""","true","58.7473","5.7385","""2026-07-04T11:01:51.695755658Z""","599","3.94324","""58.70_5.70"""
"""!9e470a43""","""""","""""","""""","""""","true","59.9523","10.7217","""2026-06-28T10:58:51.922067454Z""","4","3","""59.95_10.70"""
"""!a35a4f30""","""JOPL""","""Joplassen""","""CLIENT""","""HELTEC_V4""","true","63.3078","9.88283","""2026-06-29T09:17:42.887544443Z""","44","3","""63.30_9.85"""
"""!598fac62""","""SKM2""","""SkurM2""","""CLIENT""","""SEEED_WIO_TRACKER_L1""","false","0","0","""2026-06-28T14:19:07.21121573Z""","2","3",""""""
"""!8540365d""","""365d""","""Meshtastic 365d""","""CLIENT""","""HELTEC_MESH_NODE_T114""","true","60.3718","5.32152","""2026-07-04T03:48:30.904869367Z""","32","3.8125","""60.35_5.30"""
"""!f5aa990f""","""990f""","""Hagalandet""","""ROUTER""","""RAK4631""","false","0","0","""2026-07-04T10:59:49.003896267Z""","1099","6.66515",""""""
"""!ce5cf0c3""","""f0c3""","""Tjelle base""","""CLIENT_BASE""","""T_ECHO""","true","62.7638","7.89709","""2026-07-04T08:05:24.731489375Z""","510","4","""62.75_7.85"""
"""!4af2e6c3""","""GEOF""","""OSLO-KJELSÅS-BATTEST-LB3MH""","""CLIENT_BASE""","""RAK4631""","true","59.9523","10.7741","""2026-07-04T11:12:58.224599115Z""","873","3.05269","""59.95_10.75"""
"""!ed1b5999""","""TxBa""","""Tux_Base""","""CLIENT_BASE""","""HELTEC_MESH_NODE_T114""","false","0","0","""2026-06-29T23:06:51.046307714Z""","4","2",""""""
"""!99ea81c5""","""""","""""","""""","""""","false","0","0","""2026-06-30T06:22:39.08976436Z""","4","5",""""""
"""!9de83fdf""","""3fdf""","""Seterlia""","""CLIENT""","""T_ECHO_LITE""","true","62.7704","7.90364","""2026-07-04T07:58:47.416590974Z""","126","2.69355","""62.75_7.90"""
"""!433e2cec""","""RAL4""","""RAL4-Husbyaasen Stjordal-5H""","""CLIENT""","""HELTEC_V3""","true","63.4651","10.9838","""2026-06-28T11:34:53.744205362Z""","45","5","""63.45_10.95"""
"""!3368fca8""","""fca8""","""Meshtastic fca8""","""CLIENT""","""HELTEC_V3""","false","0","0","""2026-07-03T11:50:39.95550673Z""","14","3",""""""
"""!33917655""","""yvn0""","""n@yvn.no""","""CLIENT_MUTE""","""TRACKER_T1000_E""","true","59.9114","10.7528","""2026-07-04T11:04:35.873718593Z""","10586","4.99603","""59.90_10.75"""
"""!1de92ebc""","""SLSN""","""👾 NorGamer64 - Home 👾""","""CLIENT_BASE""","""SEEED_XIAO_S3""","true","59.7819","10.4989","""2026-07-04T10:28:18.332344723Z""","1672","4.52073","""59.75_10.45"""
"""!5c091b87""","""""","""""","""CLIENT""","""""","true","60.28","5.2822","""2026-07-04T05:01:06.182119608Z""","36","3.88889","""60.25_5.25"""
"""!ea0683a8""","""NRTH""","""HORTEN-MQTT-NRTH""","""CLIENT_MUTE""","""T_DECK""","false","0","0","""2026-07-04T09:21:02.916970925Z""","381","6.53806",""""""
"""!bba94564""","""FMC1""","""Indre Østfold-Knapstad-FRNK-Client""","""CLIENT_MUTE""","""TBEAM""","true","59.6378","11.0363","""2026-07-03T16:24:23.126323389Z""","44","5","""59.60_11.00"""
"""!710365c8""","""65c8""","""Venes Reserve""","""CLIENT""","""XIAO_NRF52_KIT""","false","0","0","""2026-07-04T08:18:12.285711647Z""","358","4.49718",""""""
"""!49ea4c9c""","""WAM7""","""FÆRDER-SANDØ-ROUTER-WAM7""","""ROUTER""","""RAK4631""","true","59.0807","10.4661","""2026-07-04T11:11:34.240570549Z""","2620","4.97748","""59.05_10.45"""
"""!f9975d3a""","""Erko""","""OSLO-CLIENT-ERKO-TECHO🇸🇯""","""CLIENT""","""T_ECHO""","true","59.9523","10.6693","""2026-07-04T10:18:09.172945001Z""","219","3.12785","""59.95_10.65"""
"""!115a67f6""","""67f6""","""GarCard 67f6""","""CLIENT_MUTE""","""TRACKER_T1000_E""","true","59.9523","10.6168","""2026-06-30T16:40:02.4280876Z""","15","4.13333","""59.95_10.60"""
"""!b33214db""","""""","""""","""""","""""","false","0","0","""2026-06-27T23:50:57.518779599Z""","1","6",""""""
"""!9938c014""","""""","""""","""""","""""","false","0","0","""2026-07-02T05:16:08.595705307Z""","26","7",""""""
"""!3716d135""","""B3MH""","""LB3MH""","""CLIENT_MUTE""","""TRACKER_T1000_E""","true","59.9523","10.7741","""2026-06-30T00:37:52.793808353Z""","310","6.88387","""59.95_10.75"""
"""!650cd503""","""JOTI""","""Jotti Portabel""","""CLIENT""","""SEEED_WIO_TRACKER_L1""","true","63.3602","10.3547","""2026-07-03T12:03:22.375181677Z""","230","2.98222","""63.35_10.35"""
"""!1de9bb56""","""NRTH""","""HORTEN-BASE-NORTH""","""CLIENT_BASE""","""RAK4631""","true","59.4018","10.4333","""2026-07-04T10:50:54.362868585Z""","1301","6.78017","""59.40_10.40"""
"""!f1a7bb1c""","""2ro2""","""T-Deck ""","""CLIENT""","""T_DECK""","true","59.7426","11.2984","""2026-06-29T13:25:55.151838951Z""","56","5","""59.70_11.25"""
"""!5f573320""","""3320""","""Lørenskog-Rasta-Solar""","""CLIENT""","""RAK4631""","true","59.8999","10.9314","""2026-07-04T10:10:47.562372838Z""","283","6.85866","""59.85_10.90"""
"""!51421844""","""1844""","""Meshtastic 1844""","""CLIENT""","""XIAO_NRF52_KIT""","false","0","0","""2026-07-04T08:23:15.905221306Z""","48","4.70833",""""""
"""!a457ddcd""","""Thor""","""Thor var her!""","""CLIENT_MUTE""","""HELTEC_MESH_NODE_T114""","true","0.0131072","0.0131072","""2026-07-04T11:10:12.180234801Z""","642","4.6729","""0.00_0.00"""
"""!d481460c""","""""","""""","""CLIENT""","""""","true","60.3726","5.37477","""2026-07-04T09:48:36.551437018Z""","360","4.67778","""60.35_5.35"""
"""!b8523bf7""","""""","""""","""CLIENT""","""""","true","60.3193","5.37395","""2026-07-01T10:39:32.579573244Z""","25","7","""60.30_5.35"""
"""!537f7522""","""AKs""","""LB5RK-Solar""","""ROUTER""","""RAK11310""","true","61.2212","10.7308","""2026-07-04T08:55:21.080062842Z""","137","4.9562","""61.20_10.70"""
"""!d45b9c38""","""9c38""","""Meshtastic 9c38""","""CLIENT""","""SEEED_XIAO_S3""","false","0","0","""2026-06-27T23:50:44.439440359Z""","2","6",""""""
"""!35f47276""","""""","""""","""CLIENT""","""""","true","60.4242","5.21667","""2026-07-03T21:10:08.360915898Z""","284","3.98592","""60.40_5.20"""
"""!699be2e8""","""Erko""","""OSL-RIS-ROUTER-ERKO""","""ROUTER_LATE""","""HELTEC_V4""","true","59.9523","10.7217","""2026-07-04T09:23:24.572725436Z""","579","4.59413","""59.95_10.70"""
"""!d6f8f838""","""TxKb""","""Tux_Kongsberg""","""CLIENT""","""XIAO_NRF52_KIT""","true","59.6902","9.67311","""2026-07-02T19:02:46.563666558Z""","14","2.85714","""59.65_9.65"""
"""!6c73bdb4""","""MSHM""","""SLST - Meshmonitor""","""CLIENT_MUTE""","""TBEAM""","true","59.7712","10.4895","""2026-07-03T19:44:35.233557121Z""","335","6.57015","""59.75_10.45"""
"""!433dca54""","""""","""""","""""","""""","false","0","0","""2026-07-03T19:34:13.309075784Z""","251","2.83333",""""""
"""!da5afc8c""","""""","""""","""CLIENT_BASE""","""""","true","58.7858","5.59677","""2026-07-04T10:09:26.516139119Z""","183","3.98907","""58.75_5.55"""
"""!1ba62c80""","""""","""""","""CLIENT""","""""","true","60.3193","5.37395","""2026-07-01T17:20:21.111542291Z""","24","7","""60.30_5.35"""
"""!be6cbd39""","""Per""","""Persan""","""CLIENT_MUTE""","""MUZI_R1_NEO""","false","0","0","""2026-07-04T02:21:17.085405422Z""","40","5",""""""
"""!d4814424""","""THC2""","""TH - Client 2""","""CLIENT""","""TLORA_T3_S3""","false","0","0","""2026-06-30T13:58:47.259432232Z""","6","5",""""""
"""!1750d130""","""Sol1""","""solar1""","""CLIENT""","""RAK4631""","false","0","0","""2026-06-27T23:47:54.792652197Z""","2","6",""""""
"""!b2a74810""","""""","""""","""""","""""","false","0","0","""2026-06-30T20:29:38.226485271Z""","2","2",""""""
"""!effd6110""","""🛫""","""🇳🇴NO_AV8R""","""CLIENT_MUTE""","""TRACKER_T1000_E""","true","63.2685","10.2367","""2026-07-04T11:00:52.476417383Z""","4288","2.99534","""63.25_10.20"""
"""!2416f418""","""""","""""","""""","""""","false","0","0","""2026-07-02T21:12:29.781573491Z""","46","2.26087",""""""
"""!913e2eb6""","""MTMA""","""🇳🇴MTENK-MAIN""","""CLIENT_MUTE""","""TRACKER_T1000_E""","true","63.2685","10.2367","""2026-07-04T11:01:15.303922502Z""","4225","4.9822","""63.25_10.20"""
"""!a1d75fc4""","""WAM9""","""BÆRUM-EIKSMARKA-MUTE-WAM9-MM""","""CLIENT_MUTE""","""SEEED_XIAO_S3""","true","59.9523","10.6168","""2026-07-04T11:07:32.605604943Z""","8049","6.26028","""59.95_10.60"""
"""!64e26f73""","""KIKU""","""OSLO-KIKUT-ROUTER-TBSE""","""ROUTER""","""RAK4631""","true","60.0572","10.7217","""2026-07-04T10:24:38.558870845Z""","1620","3.96902","""60.05_10.70"""
"""!9f8542d0""","""wlW1""","""WLWio""","""CLIENT""","""SEEED_WIO_TRACKER_L1""","true","60.3718","5.32152","""2026-06-28T14:40:05.915619588Z""","8","7","""60.35_5.30"""
"""!878b82c5""","""Erko""","""OSL-HOSLE-BASE-SOLAR""","""CLIENT_BASE""","""RAK4631""","true","59.9523","10.5644","""2026-07-04T10:59:27.074781115Z""","712","5.66713","""59.95_10.55"""
"""!aca38e1c""","""Card""","""CardputerMesh""","""CLIENT""","""M5STACK_CARDPUTER_ADV""","true","59.8999","10.9314","""2026-06-29T14:07:42.093070113Z""","42","7","""59.85_10.90"""
"""!fb0687be""","""CROW""","""Kråkemobil""","""CLIENT_MUTE""","""TRACKER_T1000_E""","true","63.4978","9.94181","""2026-07-04T11:11:43.064225396Z""","1535","4.96547","""63.45_9.90"""
"""!662aca7d""","""MTS2""","""MTENK-SOL2""","""CLIENT""","""RAK4631""","true","63.2914","10.2728","""2026-07-04T11:12:30.24934762Z""","1612","4","""63.25_10.25"""
"""!afbbf63d""","""""","""""","""""","""""","false","0","0","""2026-06-29T13:12:49.112802482Z""","4","3",""""""
"""!96300231""","""""","""""","""""","""""","false","0","0","""2026-07-01T10:38:00.927380916Z""","11","2.4",""""""
"""!b2a7ce20""","""WAM3""","""BÆRUM-EIKSMARKA-MUTE-WAM3""","""CLIENT_MUTE""","""HELTEC_V4""","true","59.0742","10.4464","""2026-07-04T11:11:44.558891615Z""","1431","4.97554","""59.05_10.40"""
"""!4762ab17""","""""","""""","""""","""""","false","0","0","""2026-06-27T23:48:30.14610652Z""","2","4",""""""
"""!23b50767""","""0767""","""Høglia ø""","""ROUTER_LATE""","""T_ECHO_LITE""","true","62.7737","7.90692","""2026-07-04T07:58:14.162280913Z""","62","2.68966","""62.75_7.90"""
"""!e27ff560""","""""","""""","""CLIENT""","""""","true","62.7835","7.31382","""2026-06-28T19:01:56.451778432Z""","431","2.95824","""62.75_7.30"""
"""!f9ad7134""","""""","""""","""CLIENT_BASE""","""""","true","59.7573","5.47743","""2026-07-04T10:52:56.21582817Z""","1015","4.9133","""59.75_5.45"""
"""!a6962248""","""""","""""","""""","""""","false","0","0","""2026-07-03T20:58:06.830973033Z""","2","4",""""""
"""!6983e55c""","""nrt1""","""OSL-NESODDEN-ROUTER1""","""ROUTER""","""HELTEC_V4""","true","59.7426","10.6693","""2026-06-27T23:48:05.933123158Z""","1","3","""59.70_10.65"""
"""!8cb38491""","""8491""","""Reinsfjellet S""","""CLIENT""","""T_ECHO_LITE""","true","62.9178","7.92658","""2026-07-04T07:58:11.631109786Z""","70","3.14286","""62.90_7.90"""
"""!bc904758""","""LIFJ""","""NOTODDEN-LIFJELL-ROUTER-TBSE""","""ROUTER""","""RAK4631""","true","59.5329","8.99154","""2026-07-04T09:52:09.788743763Z""","476","4.56723","""59.50_8.95"""
"""!1ba743c0""","""""","""""","""""","""""","false","0","0","""2026-06-29T19:29:07.373256789Z""","2","5",""""""
"""!69829940""","""""","""""","""CLIENT_BASE""","""""","true","60.3587","5.36084","""2026-07-04T09:40:24.44632621Z""","311","3.93569","""60.35_5.35"""
"""!33665478""","""kshl""","""kristosh-base""","""CLIENT""","""HELTEC_V3""","true","63.3602","10.3023","""2026-07-04T11:06:23.555082158Z""","4379","2.99794","""63.35_10.30"""
"""!9f894ed3""","""""","""""","""""","""""","false","0","0","""2026-07-02T05:00:04.575807172Z""","20","3.3",""""""
"""!ea2508b0""","""08b0""","""Meshtastic 08b0""","""CLIENT""","""TLORA_V2_1_1P6""","true","67.8953","15.7811","""2026-07-03T11:42:21.930401348Z""","24","2.90909","""67.85_15.75"""
"""!a4c3be4e""","""be4e""","""ID.4 GTX  be4e""","""CLIENT""","""HELTEC_MESH_NODE_T114""","true","61.1975","7.01235","""2026-07-03T20:41:02.719507585Z""","18","7","""61.15_7.00"""
"""!a43afc67""","""""","""""","""""","""""","false","0","0","""2026-06-30T10:24:05.195815452Z""","2","7",""""""
"""!ac5028ef""","""28ef""","""mnkn_tag01""","""CLIENT_MUTE""","""WISMESH_TAG""","true","63.5699","10.2498","""2026-07-04T10:18:19.56842173Z""","434","3","""63.55_10.20"""
"""!b1610d41""","""Five""","""Bringebærpai""","""CLIENT_BASE""","""PORTDUINO""","true","63.3537","10.3612","""2026-07-04T11:09:56.984553446Z""","4596","6.05866","""63.35_10.35"""
"""!ad8298cc""","""98cc""","""mnkn_tag02""","""CLIENT_MUTE""","""WISMESH_TAG""","true","63.5699","10.2498","""2026-06-28T15:08:01.750065663Z""","113","3","""63.55_10.20"""
"""!f670b6b8""","""BRUM""","""Ja takk, begge deler""","""CLIENT""","""HELTEC_V4""","true","59.8344","10.2105","""2026-07-04T10:16:57.047011229Z""","506","4.61265","""59.80_10.20"""
"""!9ee784a0""","""""","""""","""CLIENT_MUTE""","""""","true","59.9097","10.8364","""2026-07-04T11:08:27.076612815Z""","7176","3","""59.90_10.80"""
"""!d934c85d""","""""","""""","""""","""""","false","0","0","""2026-06-28T16:17:37.028530254Z""","6","3",""""""
"""!fe132891""","""Erk0""","""OSL-KOLSÅSTOPP-ROUTER""","""CLIENT_BASE""","""RAK4631""","true","59.9523","10.512","""2026-07-04T07:28:28.879187787Z""","48","4.83333","""59.95_10.50"""
"""!59ef7617""","""""","""""","""""","""""","false","0","0","""2026-07-02T11:07:49.038535295Z""","4","3",""""""
"""!b03d15a8""","""15a8""","""Hawk-N.TEST2""","""CLIENT_MUTE""","""HELTEC_V3""","false","0","0","""2026-07-01T12:38:16.75002573Z""","115","2.66667",""""""
"""!1454ed85""","""SLSL""","""Kongsberg, Lifanten (BASE)""","""CLIENT_BASE""","""SEEED_SOLAR_NODE""","true","59.7475","9.42101","""2026-07-04T10:43:40.049234888Z""","1753","3.92233","""59.70_9.40"""
"""!bc26463f""","""""","""""","""""","""""","false","0","0","""2026-07-04T00:51:39.42576511Z""","164","2.14634",""""""
"""!2fb7352c""","""""","""""","""""","""""","false","0","0","""0001-01-01T00:00:00Z""","0","0",""""""
"""!f1b7b248""","""""","""""","""""","""""","false","0","0","""0001-01-01T00:00:00Z""","0","0",""""""
"""!5c6bb204""","""""","""""","""""","""""","false","0","0","""0001-01-01T00:00:00Z""","0","0",""""""
"""!02e734f0""","""""","""""","""""","""""","false","0","0","""0001-01-01T00:00:00Z""","0","0",""""""
"""!44a744ee""","""""","""""","""""","""""","false","0","0","""0001-01-01T00:00:00Z""","0","0",""""""
"""!5520b659""","""""","""""","""""","""""","false","0","0","""0001-01-01T00:00:00Z""","0","0",""""""
"""!02e60108""","""""","""""","""""","""""","false","0","0","""0001-01-01T00:00:00Z""","0","0",""""""
"""!68663bcc""","""3bcc""","""James""","""CLIENT""","""HELTEC_MESH_POCKET""","true","61.1123","10.4661","""0001-01-01T00:00:00Z""","0","0","""61.10_10.45"""
"""!04063acc""","""""","""""","""""","""""","false","0","0","""0001-01-01T00:00:00Z""","0","0",""""""
"""!02e7e858""","""""","""""","""""","""""","false","0","0","""0001-01-01T00:00:00Z""","0","0",""""""
"""!a426c137""","""""","""""","""""","""""","false","0","0","""0001-01-01T00:00:00Z""","0","0",""""""
"""!df4a6920""","""""","""""","""""","""""","false","0","0","""0001-01-01T00:00:00Z""","0","0",""""""
"""!d376f483""","""""","""""","""""","""""","false","0","0","""0001-01-01T00:00:00Z""","0","0",""""""
"""!97d57985""","""""","""""","""""","""""","false","0","0","""0001-01-01T00:00:00Z""","0","0",""""""
"""!85ea686a""","""""","""""","""""","""""","false","0","0","""0001-01-01T00:00:00Z""","0","0",""""""
"""!ed7ae323""","""KET4""","""LA2DNA-PORTABEL""","""CLIENT_MUTE""","""TRACKER_T1000_E""","true","63.4126","10.4595","""0001-01-01T00:00:00Z""","0","0","""63.40_10.45"""
"""!ba620978""","""""","""""","""""","""""","false","0","0","""0001-01-01T00:00:00Z""","0","0",""""""
"""!1f12a430""","""""","""""","""""","""""","false","0","0","""0001-01-01T00:00:00Z""","0","0",""""""
"""!8b8579a5""","""3JM2""","""3J4M 2""","""CLIENT""","""T_ECHO""","true","63.393","10.335","""0001-01-01T00:00:00Z""","0","0","""63.35_10.30"""
"""!17f7e1db""","""ULVa""","""ULVa Solar""","""CLIENT_MUTE""","""M5STACK_RESERVED""","true","59.8475","10.6693","""0001-01-01T00:00:00Z""","0","0","""59.80_10.65"""
"""!9e759a68""","""FrNs""","""FrN Storsand""","""CLIENT""","""HELTEC_V3""","false","0","0","""0001-01-01T00:00:00Z""","0","0",""""""
"""!fb7d7888""","""""","""""","""""","""""","false","0","0","""0001-01-01T00:00:00Z""","0","0",""""""
"""!0406f388""","""""","""""","""""","""""","false","0","0","""0001-01-01T00:00:00Z""","0","0",""""""
"""!da64b598""","""b598""","""Meshtastic b598""","""CLIENT""","""HELTEC_WSL_V3""","true","60.0048","11.0363","""0001-01-01T00:00:00Z""","0","0","""60.00_11.00"""
"""!1309d50c""","""chk1""","""chk1_portable""","""CLIENT""","""TLORA_T3_S3""","true","59.7492","10.1908","""0001-01-01T00:00:00Z""","0","0","""59.70_10.15"""
"""!e5e047a9""","""""","""""","""""","""""","false","0","0","""0001-01-01T00:00:00Z""","0","0",""""""
"""!3b4e32ee""","""Zero""","""Ground Zero""","""ROUTER""","""PORTDUINO""","false","0","0","""0001-01-01T00:00:00Z""","0","0",""""""
"""!8851503c""","""mykl""","""mykle 503c""","""CLIENT""","""RAK4631""","true","59.9523","11.0363","""0001-01-01T00:00:00Z""","0","0","""59.95_11.00"""
"""!04c5b724""","""""","""""","""""","""""","false","0","0","""0001-01-01T00:00:00Z""","0","0",""""""
"""!0ac9cf04""","""""","""""","""""","""""","false","0","0","""0001-01-01T00:00:00Z""","0","0",""""""
"""!7a2c0a16""","""🔊""","""aerobase""","""CLIENT_BASE""","""RAK4631""","true","59.9273","10.754","""0001-01-01T00:00:00Z""","0","0","""59.90_10.75"""
"""!0400a740""","""""","""""","""""","""""","false","0","0","""0001-01-01T00:00:00Z""","0","0",""""""
"""!04677cab""","""""","""""","""""","""""","false","0","0","""0001-01-01T00:00:00Z""","0","0",""""""
"""!397b77d""","""RILU""","""Riolu""","""CLIENT_MUTE""","""TRACKER_T1000_E""","false","0","0","""0001-01-01T00:00:00Z""","0","0",""""""
"""!67f6fe46""","""🦎""","""Meshtastic fe46""","""CLIENT""","""HELTEC_MESH_NODE_T114""","true","54.5718","10.8593","""0001-01-01T00:00:00Z""","0","0","""54.55_10.85"""
"""!435690a4""","""TBS1""","""TBS1 90a4""","""CLIENT_BASE""","""LILYGO_TBEAM_S3_CORE""","true","59.9523","10.7217","""0001-01-01T00:00:00Z""","0","0","""59.95_10.70"""
"""!2e60108""","""ecld""","""LB2JK""","""CLIENT""","""HELTEC_V3""","true","59.8999","10.5644","""0001-01-01T00:00:00Z""","0","0","""59.85_10.55"""
"""!433cdabc""","""""","""""","""""","""""","false","0","0","""0001-01-01T00:00:00Z""","0","0",""""""
"""!b03c9844""","""""","""""","""""","""""","false","0","0","""0001-01-01T00:00:00Z""","0","0",""""""
"""!d3d8ac79""","""""","""""","""""","""""","false","0","0","""0001-01-01T00:00:00Z""","0","0",""""""
"""!7a6f356e""","""""","""""","""""","""""","false","0","0","""0001-01-01T00:00:00Z""","0","0",""""""
"""!3246d8b9""","""""","""""","""""","""""","false","0","0","""0001-01-01T00:00:00Z""","0","0",""""""
"""!43567cb8""","""""","""""","""""","""""","false","0","0","""0001-01-01T00:00:00Z""","0","0",""""""
"""!6985f3d4""","""""","""""","""""","""""","false","0","0","""0001-01-01T00:00:00Z""","0","0",""""""
"""!0ac9f8a4""","""""","""""","""""","""""","false","0","0","""0001-01-01T00:00:00Z""","0","0",""""""
"""!92ed66d9""","""""","""""","""""","""""","false","0","0","""0001-01-01T00:00:00Z""","0","0",""""""
"""!69851e60""","""""","""""","""""","""""","false","0","0","""0001-01-01T00:00:00Z""","0","0",""""""
"""!62f8ee94""","""""","""""","""""","""""","false","0","0","""0001-01-01T00:00:00Z""","0","0",""""""
"""!5e685eb9""","""""","""""","""""","""""","false","0","0","""0001-01-01T00:00:00Z""","0","0",""""""
"""!1ce588af""","""""","""""","""""","""""","false","0","0","""0001-01-01T00:00:00Z""","0","0",""""""
"""!0cf18ada""","""""","""""","""""","""""","false","0","0","""0001-01-01T00:00:00Z""","0","0",""""""
"""!b2a73cc0""","""3cc0""","""Takistmr_868_portable_2""","""CLIENT_MUTE""","""HELTEC_V4""","true","59.7946","10.2765","""0001-01-01T00:00:00Z""","0","0","""59.75_10.25"""
"""!9ee991d8""","""""","""""","""""","""""","false","0","0","""0001-01-01T00:00:00Z""","0","0",""""""
"""!62c53488""","""""","""""","""""","""""","false","0","0","""0001-01-01T00:00:00Z""","0","0",""""""
"""!567a9b47""","""""","""""","""""","""""","false","0","0","""0001-01-01T00:00:00Z""","0","0",""""""
"""!2ab98f33""","""8f33""","""GarCard 8f33""","""CLIENT""","""WISMESH_TAG""","false","0","0","""0001-01-01T00:00:00Z""","0","0",""""""
"""!a1d99378""","""""","""""","""""","""""","false","0","0","""0001-01-01T00:00:00Z""","0","0",""""""
"""!9879bd2d""","""""","""""","""""","""""","false","0","0","""0001-01-01T00:00:00Z""","0","0",""""""
"""!a6962cc4""","""🤖""","""aeronaut""","""CLIENT_BASE""","""HELTEC_V4""","true","59.9273","10.754","""0001-01-01T00:00:00Z""","0","0","""59.90_10.75"""
"""!e2afd8fd""","""""","""""","""""","""""","false","0","0","""0001-01-01T00:00:00Z""","0","0",""""""
"""!698573f8""","""""","""""","""""","""""","false","0","0","""0001-01-01T00:00:00Z""","0","0",""""""
"""!2e7e858""","""rrr2""","""time lost""","""CLIENT""","""HELTEC_V3""","false","0","0","""0001-01-01T00:00:00Z""","0","0",""""""
"""!a6da27e5""","""SIB3""","""Sibbern 3""","""CLIENT_BASE""","""SEEED_WIO_TRACKER_L1""","true","59.5673","9.26012","""0001-01-01T00:00:00Z""","0","0","""59.55_9.25"""
"""!80549e3e""","""""","""""","""""","""""","false","0","0","""0001-01-01T00:00:00Z""","0","0",""""""
"""!6c73b834""","""""","""""","""""","""""","false","0","0","""0001-01-01T00:00:00Z""","0","0",""""""
"""!9d94e997""","""""","""""","""""","""""","false","0","0","""0001-01-01T00:00:00Z""","0","0",""""""
"""!6c73d798""","""""","""""","""""","""""","false","0","0","""0001-01-01T00:00:00Z""","0","0",""""""
"""!49de8b8d""","""""","""""","""""","""""","false","0","0","""0001-01-01T00:00:00Z""","0","0",""""""
"""!eb9326c7""","""JB""","""JB_CarNode""","""CLIENT""","""RAK4631""","false","0","0","""0001-01-01T00:00:00Z""","0","0",""""""
"""!9e75deb4""","""FrN2""","""FrN02 Einerveien""","""CLIENT""","""HELTEC_V3""","false","0","0","""0001-01-01T00:00:00Z""","0","0",""""""
"""!913e28b6""","""""","""""","""""","""""","false","0","0","""0001-01-01T00:00:00Z""","0","0",""""""
"""!f0cda289""","""""","""""","""""","""""","false","0","0","""0001-01-01T00:00:00Z""","0","0",""""""
"""!ab0e8ba2""","""""","""""","""""","""""","false","0","0","""0001-01-01T00:00:00Z""","0","0",""""""
"""!183b2811""","""""","""""","""""","""""","false","0","0","""0001-01-01T00:00:00Z""","0","0",""""""
"""!da65b47c""","""""","""""","""""","""""","false","0","0","""0001-01-01T00:00:00Z""","0","0",""""""
"""!912f2fb6""","""""","""""","""""","""""","false","0","0","""0001-01-01T00:00:00Z""","0","0",""""""
"""!f6709b4c""","""""","""""","""""","""""","false","0","0","""0001-01-01T00:00:00Z""","0","0",""""""
"""!13034e71""","""kjgr""","""Kujeger Mobile""","""CLIENT_MUTE""","""TRACKER_T1000_E""","false","0","0","""0001-01-01T00:00:00Z""","0","0",""""""
"""!4ed1b988""","""""","""""","""""","""""","false","0","0","""0001-01-01T00:00:00Z""","0","0",""""""
"""!435bb838""","""""","""""","""""","""""","false","0","0","""0001-01-01T00:00:00Z""","0","0",""""""
"""!435ad4a0""","""""","""""","""""","""""","false","0","0","""0001-01-01T00:00:00Z""","0","0",""""""
"""!4414588""","""OS-1""","""NO-7398-MOB-Odd""","""CLIENT""","""PRIVATE_HW""","true","63.2832","10.281","""0001-01-01T00:00:00Z""","0","0","""63.25_10.25"""
"""!9e7784e0""","""ANT2""","""BÆRUM-EIKSMARKA-MUTE-ANT2""","""CLIENT_MUTE""","""HELTEC_V3""","true","59.9523","10.6168","""0001-01-01T00:00:00Z""","0","0","""59.95_10.60"""
"""!3e4f8220""","""📡""","""Anarkistix""","""CLIENT""","""RAK4631""","false","0","0","""0001-01-01T00:00:00Z""","0","0",""""""
"""!9dd375ea""","""""","""""","""""","""""","false","0","0","""0001-01-01T00:00:00Z""","0","0",""""""
"""!0aca4348""","""""","""""","""""","""""","false","0","0","""0001-01-01T00:00:00Z""","0","0",""""""
"""!a696215c""","""""","""""","""""","""""","false","0","0","""0001-01-01T00:00:00Z""","0","0",""""""
"""!2e791b4""","""""","""""","""""","""""","false","0","0","""0001-01-01T00:00:00Z""","0","0",""""""
"""!da7e6915""","""""","""""","""""","""""","false","0","0","""0001-01-01T00:00:00Z""","0","0",""""""
"""!f6fcded4""","""""","""""","""""","""""","false","0","0","""0001-01-01T00:00:00Z""","0","0",""""""
"""!5d0455ab""","""OeK5""","""OeK5 Portabel""","""CLIENT""","""T_ECHO""","true","63.4323","10.6365","""0001-01-01T00:00:00Z""","0","0","""63.40_10.60"""
"""!042ccb37""","""""","""""","""""","""""","false","0","0","""0001-01-01T00:00:00Z""","0","0",""""""
"""!f9246972""","""""","""""","""""","""""","false","0","0","""0001-01-01T00:00:00Z""","0","0",""""""
"""!0406a000""","""""","""""","""""","""""","false","0","0","""0001-01-01T00:00:00Z""","0","0",""""""
"""!d45b9234""","""""","""""","""""","""""","false","0","0","""0001-01-01T00:00:00Z""","0","0",""""""
"""!6c73df8c""","""""","""""","""""","""""","false","0","0","""0001-01-01T00:00:00Z""","0","0",""""""
"""!f550ce76""","""""","""""","""""","""""","false","0","0","""0001-01-01T00:00:00Z""","0","0",""""""
"""!04066e78""","""""","""""","""""","""""","false","0","0","""0001-01-01T00:00:00Z""","0","0",""""""
"""!a26717d3""","""fk14""","""Flatkatt""","""CLIENT_MUTE""","""XIAO_NRF52_KIT""","true","59.9507","10.6938","""0001-01-01T00:00:00Z""","0","0","""59.95_10.65"""
"""!db2f17c4""","""""","""""","""""","""""","false","0","0","""0001-01-01T00:00:00Z""","0","0",""""""
"""!c8c5f89f""","""""","""""","""""","""""","false","0","0","""0001-01-01T00:00:00Z""","0","0",""""""
"""!433f0fe8""","""KET1""","""LA2DNA-YAGI""","""CLIENT_BASE""","""HELTEC_V3""","true","63.4126","10.4595","""0001-01-01T00:00:00Z""","0","0","""63.40_10.45"""
"""!27b94bd8""","""""","""""","""""","""""","false","0","0","""0001-01-01T00:00:00Z""","0","0",""""""
"""!043a92a8""","""""","""""","""""","""""","false","0","0","""0001-01-01T00:00:00Z""","0","0",""""""
"""!68799b8a""","""""","""""","""""","""""","false","0","0","""0001-01-01T00:00:00Z""","0","0",""""""
"""!33654620""","""""","""""","""""","""""","false","0","0","""0001-01-01T00:00:00Z""","0","0",""""""
"""!6c72ed4c""","""""","""""","""""","""""","false","0","0","""0001-01-01T00:00:00Z""","0","0",""""""
"""!406f388""","""""","""""","""""","""""","false","0","0","""0001-01-01T00:00:00Z""","0","0",""""""
"""!de02e496""","""""","""""","""""","""""","false","0","0","""0001-01-01T00:00:00Z""","0","0",""""""
"""!3a4c8ad4""","""""","""""","""""","""""","false","0","0","""0001-01-01T00:00:00Z""","0","0",""""""
"""!fe7d2888""","""""","""""","""""","""""","false","0","0","""0001-01-01T00:00:00Z""","0","0",""""""
"""!f669c568""","""SLMD""","""Slemdal-SCB""","""CLIENT_BASE""","""HELTEC_V4""","true","59.954","10.6971","""0001-01-01T00:00:00Z""","0","0","""59.95_10.65"""
"""!406c77c""","""""","""""","""""","""""","false","0","0","""0001-01-01T00:00:00Z""","0","0",""""""
"""!0400a2bc""","""""","""""","""""","""""","false","0","0","""0001-01-01T00:00:00Z""","0","0",""""""
"""!91131550""","""""","""""","""""","""""","false","0","0","""0001-01-01T00:00:00Z""","0","0",""""""
"""!433c7c48""","""""","""""","""""","""""","false","0","0","""0001-01-01T00:00:00Z""","0","0",""""""
"""!28dbb563""","""""","""""","""""","""""","false","0","0","""0001-01-01T00:00:00Z""","0","0",""""""
"""!90965568""","""""","""""","""""","""""","false","0","0","""0001-01-01T00:00:00Z""","0","0",""""""
"""!a81e892""","""""","""""","""""","""""","false","0","0","""0001-01-01T00:00:00Z""","0","0",""""""
"""!1c714127""","""""","""""","""""","""""","false","0","0","""0001-01-01T00:00:00Z""","0","0",""""""
"""!4050cd8""","""""","""""","""""","""""","true","63.3602","10.4071","""0001-01-01T00:00:00Z""","0","0","""63.35_10.40"""
"""!d95f6319""","""""","""""","""""","""""","false","0","0","""0001-01-01T00:00:00Z""","0","0",""""""
"""!62f9fcfc""","""""","""""","""""","""""","false","0","0","""0001-01-01T00:00:00Z""","0","0",""""""
"""!ad9411ee""","""""","""""","""""","""""","false","0","0","""0001-01-01T00:00:00Z""","0","0",""""""
"""!8fa63868""","""""","""""","""""","""""","false","0","0","""0001-01-01T00:00:00Z""","0","0",""""""
"""!30461492""","""""","""""","""""","""""","false","0","0","""0001-01-01T00:00:00Z""","0","0",""""""
"""!55c4d0d4""","""""","""""","""""","""""","false","0","0","""0001-01-01T00:00:00Z""","0","0",""""""
"""!591372be""","""SLMD""","""Slemdal-HACM""","""CLIENT_MUTE""","""XIAO_NRF52_KIT""","false","0","0","""0001-01-01T00:00:00Z""","0","0",""""""
"""!674c1e43""","""""","""""","""""","""""","false","0","0","""0001-01-01T00:00:00Z""","0","0",""""""
"""!cdd049b7""","""""","""""","""""","""""","false","0","0","""0001-01-01T00:00:00Z""","0","0",""""""
"""!0e60ec89""","""""","""""","""""","""""","false","0","0","""0001-01-01T00:00:00Z""","0","0",""""""
"""!dea288ad""","""""","""""","""""","""""","false","0","0","""0001-01-01T00:00:00Z""","0","0",""""""
"""!f6956158""","""HOMM""","""Maudland Hommersåk""","""CLIENT""","""TBEAM_1_WATT""","true","58.9038","5.84581","""0001-01-01T00:00:00Z""","0","0","""58.90_5.80"""
"""!435ae008""","""Carl""","""Carl_Hamilton""","""CLIENT_MUTE""","""LILYGO_TBEAM_S3_CORE""","true","59.9196","10.7676","""0001-01-01T00:00:00Z""","0","0","""59.90_10.75"""
"""!4bb17e8e""","""JBCB""","""JB_ClientBase ☀""","""CLIENT_BASE""","""SEEED_SOLAR_NODE""","true","59.9523","11.246","""0001-01-01T00:00:00Z""","0","0","""59.95_11.20"""
"""!a3801ef2""","""""","""""","""""","""""","false","0","0","""0001-01-01T00:00:00Z""","0","0",""""""
"""!43577bb4""","""""","""""","""""","""""","false","0","0","""0001-01-01T00:00:00Z""","0","0",""""""
"""!433ddd98""","""""","""""","""""","""""","false","0","0","""0001-01-01T00:00:00Z""","0","0",""""""
"""!8194110""","""""","""""","""""","""""","false","0","0","""0001-01-01T00:00:00Z""","0","0",""""""
"""!4ddc185d""","""""","""""","""""","""""","false","0","0","""0001-01-01T00:00:00Z""","0","0",""""""
"""!9ea0c0c8""","""""","""""","""""","""""","false","0","0","""0001-01-01T00:00:00Z""","0","0",""""""
"""!04093fc0""","""""","""""","""""","""""","false","0","0","""0001-01-01T00:00:00Z""","0","0",""""""
"""!ae614244""","""EAW""","""Easy at Work AS""","""CLIENT""","""SEEED_XIAO_S3""","true","63.3661","10.3748","""0001-01-01T00:00:00Z""","0","0","""63.35_10.35"""
"""!02e584f0""","""""","""""","""""","""""","false","0","0","""0001-01-01T00:00:00Z""","0","0",""""""
"""!912fc3d6""","""""","""""","""""","""""","false","0","0","""0001-01-01T00:00:00Z""","0","0",""""""
"""!f1a7bd7c""","""""","""""","""""","""""","false","0","0","""0001-01-01T00:00:00Z""","0","0",""""""
"""!dc32b98d""","""""","""""","""""","""""","false","0","0","""0001-01-01T00:00:00Z""","0","0",""""""
"""!6d78f44""","""""","""""","""""","""""","false","0","0","""0001-01-01T00:00:00Z""","0","0",""""""
"""!909ec090""","""""","""""","""""","""""","false","0","0","""0001-01-01T00:00:00Z""","0","0",""""""
"""!849c368c""","""hvik""","""ktr Hommelvik""","""CLIENT_BASE""","""HELTEC_V3""","true","63.4126","10.7741","""0001-01-01T00:00:00Z""","0","0","""63.40_10.75"""
"""!db29dd48""","""""","""""","""""","""""","false","0","0","""0001-01-01T00:00:00Z""","0","0",""""""
"""!11ec4ce6""","""""","""""","""""","""""","false","0","0","""0001-01-01T00:00:00Z""","0","0",""""""
"""!408fd84""","""""","""""","""""","""""","false","0","0","""0001-01-01T00:00:00Z""","0","0",""""""
"""!bf6b8754""","""""","""""","""""","""""","false","0","0","""0001-01-01T00:00:00Z""","0","0",""""""
"""!da56798c""","""""","""""","""""","""""","false","0","0","""0001-01-01T00:00:00Z""","0","0",""""""
"""!2972e94c""","""""","""""","""""","""""","false","0","0","""0001-01-01T00:00:00Z""","0","0",""""""
"""!0408fd84""","""""","""""","""""","""""","false","0","0","""0001-01-01T00:00:00Z""","0","0",""""""
"""!04050cd8""","""""","""""","""""","""""","false","0","0","""0001-01-01T00:00:00Z""","0","0",""""""
"""!4f9344f5""","""""","""""","""""","""""","false","0","0","""0001-01-01T00:00:00Z""","0","0",""""""
"""!02eb8e7c""","""""","""""","""""","""""","false","0","0","""0001-01-01T00:00:00Z""","0","0",""""""
"""!6a4581e4""","""""","""""","""""","""""","false","0","0","""0001-01-01T00:00:00Z""","0","0",""""""
"""!b03d2dc4""","""""","""""","""""","""""","false","0","0","""0001-01-01T00:00:00Z""","0","0",""""""
"""!8fa477e0""","""""","""""","""""","""""","false","0","0","""0001-01-01T00:00:00Z""","0","0",""""""
"""!1abfbd8a""","""""","""""","""""","""""","false","0","0","""0001-01-01T00:00:00Z""","0","0",""""""
"""!aa8afc20""","""""","""""","""""","""""","false","0","0","""0001-01-01T00:00:00Z""","0","0",""""""
"""!8b8ec14e""","""""","""""","""""","""""","false","0","0","""0001-01-01T00:00:00Z""","0","0",""""""
"""!1036aa07""","""""","""""","""""","""""","false","0","0","""0001-01-01T00:00:00Z""","0","0",""""""
"""!f1a75f0c""","""5f0c""","""Meshtastic 5f0c""","""CLIENT""","""T_DECK""","true","59.8999","10.7217","""0001-01-01T00:00:00Z""","0","0","""59.85_10.70"""
"""!c4b05f20""","""""","""""","""""","""""","false","0","0","""0001-01-01T00:00:00Z""","0","0",""""""
"""!8fa63a08""","""""","""""","""""","""""","false","0","0","""0001-01-01T00:00:00Z""","0","0",""""""
"""!1a6b9987""","""""","""""","""""","""""","false","0","0","""0001-01-01T00:00:00Z""","0","0",""""""
"""!da75c0a0""","""""","""""","""""","""""","false","0","0","""0001-01-01T00:00:00Z""","0","0",""""""
"""!392fbb57""","""""","""""","""""","""""","false","0","0","""0001-01-01T00:00:00Z""","0","0",""""""
